filterdriverdeveloperguide.doc,eaeefd14212c96b1854ef889127bc8d61dcc9724893d197caef7aad3955b0d1b
10343372.ppt,972166aaf542e54a29009303d8b81420b5b68db2f49eaa88c84aff38bba30757
2장_라즈베리_파이_사용하기.ppt,cd2235ff199bb34ec79e3bd046e0e9811b38419ef2cbdf0b621a016b87641285
형사소송법.pdf,b51d7eb01f68409521821b8ba896bd2e85743b740bf3057135ed498bf1de3be7
Windows 7 Home Premium K x64.iso.zip,faffc858083f53475520abfff3bc0b1eb5e1f83f4a27b7c4e2b0de50738d4ee0
ncwbcb1414.pdf,42c28af6eb3f80d27f234498b5cdc769ecc446004b150dfae6e63ab6b62c00db
Architecture of the Windows Kernel.pdf,652b14f0652d5b10f743b14084ce11940101f1fa59f0f5191a76d8c8269663f9
ext_bg_block.pdf,5d37ee193cbde6b873d98168c69a7e07042729ae2842940e88b755af499a919e
irql_thread.doc,c63ec4f329bdff0eb40753ebef72e0c3680261159427503d37ec87e976d547c9
유닉스관련피피티자료.zip,791c7830f9ec4325c888ca95533cad7b770a5ce9f19f2a0f8ce904adcb502566
windows (1).pdf,c9c9a62b91de648b7fb9c11911191153a41e44c3bed092c0228a69910b82e918
커널디버깅을 하기 위한 기초 작업.pdf,9becb62ccce48e511fa61ad7c0f63ba22b287865c911e3db8e8a0fb794a4f7e0
locks.doc,93aca64f7c1458f4d010390977d8791638c450de5e708599940540b5ccaf55eb
mem-mgmt.doc,070a37a10d13eed3ceac4702c4e4f39ddfa2870b390f2b4bcd618463d06f5951
Global Educators Level Check (2).pdf,815c7c6df28be4122af78e29c1be166879b7940004508f27a27be9d8f0de97d0
